{
  "train_loss": [
    0.2731370334656326,
    0.17710530323096396,
    0.15509510913326696,
    0.14598086464041674,
    0.1598995949535922
  ],
  "val_loss": [
    0.3581836223602295,
    0.2632685899734497,
    0.3357613682746887,
    0.42019668221473694,
    0.510046660900116
  ],
  "val_acc": [
    0.75,
    0.9375,
    0.75,
    0.8125,
    0.8125
  ]
}